period,value,unit,source,locator,note,uncertainty,coin_id,redemption,who,limit by rule,limit by institution,taken back,lines_yes,after_change_rows
launch,4,"lines read at launch, of 4 (yes or no; the rest cannot be read)","mapping.csv (two coders, settled)",Alchemix USD,,told; coders outcome-aware (section 3),Alchemix USD,no,,yes,no,yes,2,0
launch,2,"lines read at launch, of 4 (yes or no; the rest cannot be read)","mapping.csv (two coders, settled)",Ampleforth,,told; coders outcome-aware (section 3),Ampleforth,no,,cannot be read,no,cannot be read,0,0
launch,0,"lines read at launch, of 4 (yes or no; the rest cannot be read)","mapping.csv (two coders, settled)",BOB,,told; coders outcome-aware (section 3),BOB,cannot be read,,cannot be read,cannot be read,cannot be read,0,0
launch,2,"lines read at launch, of 4 (yes or no; the rest cannot be read)","mapping.csv (two coders, settled)",Basis,,told; coders outcome-aware (section 3),Basis,no,,cannot be read,no,cannot be read,0,0
launch,2,"lines read at launch, of 4 (yes or no; the rest cannot be read)","mapping.csv (two coders, settled)",Basis Cash,,told; coders outcome-aware (section 3),Basis Cash,no,,cannot be read,no,cannot be read,0,0
launch,2,"lines read at launch, of 4 (yes or no; the rest cannot be read)","mapping.csv (two coders, settled)",Bean,,told; coders outcome-aware (section 3),Bean,no,,cannot be read,no,cannot be read,0,0
launch,3,"lines read at launch, of 4 (yes or no; the rest cannot be read)","mapping.csv (two coders, settled)",BiLira,,told; coders outcome-aware (section 3),BiLira,yes,"""Anyone who passes a KYC/AML check"" (users verified through BiLira's platform) | Anyone who passes a KYC/AML check",yes,no,cannot be read,2,0
launch,3,"lines read at launch, of 4 (yes or no; the rest cannot be read)","mapping.csv (two coders, settled)",Binance USD,,told; coders outcome-aware (section 3),Binance USD,yes,verified customer | verified customer (Paxos Members),yes,yes,cannot be read,3,0
launch,4,"lines read at launch, of 4 (yes or no; the rest cannot be read)","mapping.csv (two coders, settled)",BitUSD,,told; coders outcome-aware (section 3),BitUSD,yes,"""Holders of any bitAsset"" (settlement against the backing BTS collateral at the feed price, at most 2% of the supply a day) | Everyone that holds your (MPA) coin in BitShares",yes,no,yes,3,0
launch,0,"lines read at launch, of 4 (yes or no; the rest cannot be read)","mapping.csv (two coders, settled)",CNH Tether,,told; coders outcome-aware (section 3),CNH Tether,cannot be read,,cannot be read,cannot be read,cannot be read,0,0
launch,0,"lines read at launch, of 4 (yes or no; the rest cannot be read)","mapping.csv (two coders, settled)",Carbon,,told; coders outcome-aware (section 3),Carbon,cannot be read,,cannot be read,cannot be read,cannot be read,0,0
launch,4,"lines read at launch, of 4 (yes or no; the rest cannot be read)","mapping.csv (two coders, settled)",Celo Dollar,,told; coders outcome-aware (section 3),Celo Dollar,yes,"""users"" (the docs name no other condition); redeemed into CELO from the reserve | users",yes,no,yes,3,0
launch,1,"lines read at launch, of 4 (yes or no; the rest cannot be read)","mapping.csv (two coders, settled)",Celo Euro,,told; coders outcome-aware (section 3),Celo Euro,cannot be read,,cannot be read,no,cannot be read,0,0
launch,0,"lines read at launch, of 4 (yes or no; the rest cannot be read)","mapping.csv (two coders, settled)",Coin98 Dollar,,told; coders outcome-aware (section 3),Coin98 Dollar,cannot be read,,cannot be read,cannot be read,cannot be read,0,0
launch,0,"lines read at launch, of 4 (yes or no; the rest cannot be read)","mapping.csv (two coders, settled)",Comtech Gold,,told; coders outcome-aware (section 3),Comtech Gold,cannot be read,,cannot be read,cannot be read,cannot be read,0,0
launch,4,"lines read at launch, of 4 (yes or no; the rest cannot be read)","mapping.csv (two coders, settled)",Dai,,told; coders outcome-aware (section 3),Dai,no,,yes,no,yes,2,2
launch,0,"lines read at launch, of 4 (yes or no; the rest cannot be read)","mapping.csv (two coders, settled)",Destablecoin HAY,,told; coders outcome-aware (section 3),Destablecoin HAY,cannot be read,,cannot be read,cannot be read,cannot be read,0,0
launch,3,"lines read at launch, of 4 (yes or no; the rest cannot be read)","mapping.csv (two coders, settled)",DigixDao,,told; coders outcome-aware (section 3),DigixDao,yes,"""customers"" (the home page); no further condition printed in the two files | customers",yes,cannot be read,yes,3,0
launch,3,"lines read at launch, of 4 (yes or no; the rest cannot be read)","mapping.csv (two coders, settled)",Djed,,told; coders outcome-aware (section 3),Djed,yes,"""users"" who want to sell stablecoins back to the contract (no other condition printed) | users",yes,no,cannot be read,2,0
launch,3,"lines read at launch, of 4 (yes or no; the rest cannot be read)","mapping.csv (two coders, settled)",Dola,,told; coders outcome-aware (section 3),Dola,yes,"""users"" and ""market participants"" of the Stabilizer contract (no other condition printed); redeemed into Dai | users (the Stabilizer is open to ""market participants"")",yes,no,cannot be read,2,0
launch,4,"lines read at launch, of 4 (yes or no; the rest cannot be read)","mapping.csv (two coders, settled)",Equilibrium EOSDT,,told; coders outcome-aware (section 3),Equilibrium EOSDT,no,,yes,no,yes,2,0
launch,2,"lines read at launch, of 4 (yes or no; the rest cannot be read)","mapping.csv (two coders, settled)",Euro Tether,,told; coders outcome-aware (section 3),Euro Tether,yes,"verified customers: ""required to issue and redeem USD₮, EUR₮"" (KYC form and approval) | those who go through ""our know your customer (KYC) form and approval process""",yes,cannot be read,cannot be read,2,0
launch,4,"lines read at launch, of 4 (yes or no; the rest cannot be read)","mapping.csv (two coders, settled)",Fei USD,,told; coders outcome-aware (section 3),Fei USD,no,,no,no,yes,1,0
launch,3,"lines read at launch, of 4 (yes or no; the rest cannot be read)","mapping.csv (two coders, settled)",First Digital USD,,told; coders outcome-aware (section 3),First Digital USD,yes,a Holder who registers a FD121 Account (client of First Digital Labs) | clients of First Digital Labs who pass AML and CTF checks (a FD121 Account holder),yes,cannot be read,yes,3,0
launch,2,"lines read at launch, of 4 (yes or no; the rest cannot be read)","mapping.csv (two coders, settled)",Frax,,told; coders outcome-aware (section 3),Frax,yes,"any user, by smart contract (NYFed-SR1073 p.48-49)",cannot be read,no,cannot be read,1,2
launch,2,"lines read at launch, of 4 (yes or no; the rest cannot be read)","mapping.csv (two coders, settled)",GYEN,,told; coders outcome-aware (section 3),GYEN,yes,our customers (GMO Trust platform) | customers of GMO Trust (an account on its platform),yes,cannot be read,cannot be read,2,0
launch,3,"lines read at launch, of 4 (yes or no; the rest cannot be read)","mapping.csv (two coders, settled)",Gemini Dollar,,told; coders outcome-aware (section 3),Gemini Dollar,yes,Gemini Customers,yes,yes,cannot be read,3,0
launch,1,"lines read at launch, of 4 (yes or no; the rest cannot be read)","mapping.csv (two coders, settled)",Huobi USD,,told; coders outcome-aware (section 3),Huobi USD,cannot be read,,yes,cannot be read,cannot be read,1,0
launch,3,"lines read at launch, of 4 (yes or no; the rest cannot be read)","mapping.csv (two coders, settled)",IRON,,told; coders outcome-aware (section 3),IRON,yes,"""anyone"" (price stability page; no other condition printed) | anyone (""the user returns IRON token to the protocol"")",yes,no,cannot be read,2,0
launch,0,"lines read at launch, of 4 (yes or no; the rest cannot be read)","mapping.csv (two coders, settled)",Italian Lira,,told; coders outcome-aware (section 3),Italian Lira,cannot be read,,cannot be read,cannot be read,cannot be read,0,0
launch,0,"lines read at launch, of 4 (yes or no; the rest cannot be read)","mapping.csv (two coders, settled)",JPM Coin,,told; coders outcome-aware (section 3),JPM Coin,cannot be read,,cannot be read,cannot be read,cannot be read,0,0
launch,4,"lines read at launch, of 4 (yes or no; the rest cannot be read)","mapping.csv (two coders, settled)",Kinesis Gold,,told; coders outcome-aware (section 3),Kinesis Gold,yes,a holder of Kinesis (via Kinesis Mint Redemption Form) | holders of Kinesis currency (via a Kinesis Mint or KCX account),yes,no,yes,3,0
launch,4,"lines read at launch, of 4 (yes or no; the rest cannot be read)","mapping.csv (two coders, settled)",Liquity USD,,told; coders outcome-aware (section 3),Liquity USD,yes,LUSD holders (any user; permissionless) | holders / users (no account; non-custodial protocol),yes,no,yes,3,0
launch,4,"lines read at launch, of 4 (yes or no; the rest cannot be read)","mapping.csv (two coders, settled)",MAI,,told; coders outcome-aware (section 3),MAI,yes,"""users"" of the USDC Swap (no other condition printed); redeemed into USDC at a 1% fee | users",yes,no,yes,3,0
launch,4,"lines read at launch, of 4 (yes or no; the rest cannot be read)","mapping.csv (two coders, settled)",Magic Internet Money,,told; coders outcome-aware (section 3),Magic Internet Money,no,,yes,no,yes,2,0
launch,3,"lines read at launch, of 4 (yes or no; the rest cannot be read)","mapping.csv (two coders, settled)",Neutrino USD,,told; coders outcome-aware (section 3),Neutrino USD,yes,"""a user"" with a Waves account (the page's ""Users"") | ""a user"" (""someone with a Waves account"")",yes,no,cannot be read,2,0
launch,3,"lines read at launch, of 4 (yes or no; the rest cannot be read)","mapping.csv (two coders, settled)",NuBits,,told; coders outcome-aware (section 3),NuBits,no,,no,no,cannot be read,0,0
launch,3,"lines read at launch, of 4 (yes or no; the rest cannot be read)","mapping.csv (two coders, settled)",Origin Dollar,,told; coders outcome-aware (section 3),Origin Dollar,yes,"""Users"" of the Origin Dollar DApp (no other condition printed); redeemed into the mix of USDT, USDC and DAI held by the vault, 0.5% exit fee | Users (of the Origin Dollar DApp)",yes,no,cannot be read,2,0
launch,4,"lines read at launch, of 4 (yes or no; the rest cannot be read)","mapping.csv (two coders, settled)",PAX Gold,,told; coders outcome-aware (section 3),PAX Gold,yes,verified Members (Paxos account holders) | verified Members,yes,yes,yes,4,0
launch,0,"lines read at launch, of 4 (yes or no; the rest cannot be read)","mapping.csv (two coders, settled)",Parallel,,told; coders outcome-aware (section 3),Parallel,cannot be read,,cannot be read,cannot be read,cannot be read,0,0
launch,3,"lines read at launch, of 4 (yes or no; the rest cannot be read)","mapping.csv (two coders, settled)",Pax Dollar,,told; coders outcome-aware (section 3),Pax Dollar,yes,verified customers of Paxos | verified customers of Paxos (verified Members),yes,yes,cannot be read,3,0
launch,3,"lines read at launch, of 4 (yes or no; the rest cannot be read)","mapping.csv (two coders, settled)",PayPal USD,,told; coders outcome-aware (section 3),PayPal USD,yes,verified Members (Paxos customers) | verified Members of Paxos,yes,yes,cannot be read,3,0
launch,0,"lines read at launch, of 4 (yes or no; the rest cannot be read)","mapping.csv (two coders, settled)",Pecunio,,told; coders outcome-aware (section 3),Pecunio,cannot be read,,cannot be read,cannot be read,cannot be read,0,0
launch,4,"lines read at launch, of 4 (yes or no; the rest cannot be read)","mapping.csv (two coders, settled)",R,,told; coders outcome-aware (section 3),R,no,,yes,no,yes,2,0
launch,0,"lines read at launch, of 4 (yes or no; the rest cannot be read)","mapping.csv (two coders, settled)",Reserve,,told; coders outcome-aware (section 3),Reserve,cannot be read,,cannot be read,cannot be read,cannot be read,0,0
launch,1,"lines read at launch, of 4 (yes or no; the rest cannot be read)","mapping.csv (two coders, settled)",STASIS EURO,,told; coders outcome-aware (section 3),STASIS EURO,cannot be read,,yes,cannot be read,cannot be read,1,0
launch,0,"lines read at launch, of 4 (yes or no; the rest cannot be read)","mapping.csv (two coders, settled)",SagaCoin,,told; coders outcome-aware (section 3),SagaCoin,cannot be read,,cannot be read,cannot be read,cannot be read,0,0
launch,0,"lines read at launch, of 4 (yes or no; the rest cannot be read)","mapping.csv (two coders, settled)",Sperax USD,,told; coders outcome-aware (section 3),Sperax USD,cannot be read,,cannot be read,cannot be read,cannot be read,0,0
launch,0,"lines read at launch, of 4 (yes or no; the rest cannot be read)","mapping.csv (two coders, settled)",SpiceUSD,,told; coders outcome-aware (section 3),SpiceUSD,cannot be read,,cannot be read,cannot be read,cannot be read,0,0
launch,0,"lines read at launch, of 4 (yes or no; the rest cannot be read)","mapping.csv (two coders, settled)",Stably USDS,,told; coders outcome-aware (section 3),Stably USDS,cannot be read,,cannot be read,cannot be read,cannot be read,0,0
launch,0,"lines read at launch, of 4 (yes or no; the rest cannot be read)","mapping.csv (two coders, settled)",Statik,,told; coders outcome-aware (section 3),Statik,cannot be read,,cannot be read,cannot be read,cannot be read,0,0
launch,0,"lines read at launch, of 4 (yes or no; the rest cannot be read)","mapping.csv (two coders, settled)",Stronghold,,told; coders outcome-aware (section 3),Stronghold,cannot be read,,cannot be read,cannot be read,cannot be read,0,0
launch,4,"lines read at launch, of 4 (yes or no; the rest cannot be read)","mapping.csv (two coders, settled)",Synthetix USD,,told; coders outcome-aware (section 3),Synthetix USD,no,,yes,no,yes,2,1
launch,0,"lines read at launch, of 4 (yes or no; the rest cannot be read)","mapping.csv (two coders, settled)",TOR,,told; coders outcome-aware (section 3),TOR,cannot be read,,cannot be read,cannot be read,cannot be read,0,0
launch,3,"lines read at launch, of 4 (yes or no; the rest cannot be read)","mapping.csv (two coders, settled)",Tether,,told; coders outcome-aware (section 3),Tether,yes,"users who ""purchase/redeem tethers directly with us"" (fiat via bank account; registered members verified by KYC before any fiat transaction) | registered members, ""required to verify their identities"" before any fiat transaction",yes,no,cannot be read,2,1
launch,2,"lines read at launch, of 4 (yes or no; the rest cannot be read)","mapping.csv (two coders, settled)",Tether Gold,,told; coders outcome-aware (section 3),Tether Gold,yes,"users who complete an identity verification process | verified users (""complete an identity verification process"")",yes,cannot be read,cannot be read,2,0
launch,2,"lines read at launch, of 4 (yes or no; the rest cannot be read)","mapping.csv (two coders, settled)",TrueUSD,,told; coders outcome-aware (section 3),TrueUSD,yes,anyone who passes a standard KYC/AML check (verified customer) | anyone who passes a standard KYC/AML check (a verified customer),yes,cannot be read,cannot be read,2,0
launch,0,"lines read at launch, of 4 (yes or no; the rest cannot be read)","mapping.csv (two coders, settled)",TrueVND,,told; coders outcome-aware (section 3),TrueVND,cannot be read,,cannot be read,cannot be read,cannot be read,0,0
launch,0,"lines read at launch, of 4 (yes or no; the rest cannot be read)","mapping.csv (two coders, settled)",USD Balance,,told; coders outcome-aware (section 3),USD Balance,cannot be read,,cannot be read,cannot be read,cannot be read,0,0
launch,3,"lines read at launch, of 4 (yes or no; the rest cannot be read)","mapping.csv (two coders, settled)",USD Coin,,told; coders outcome-aware (section 3),USD Coin,yes,"a customer of a USDC issuer (Circle USDC account, ID-verified) | customers who onboard through a USDC issuer (a Circle USDC account holder with ID verification)",yes,yes,cannot be read,3,2
launch,2,"lines read at launch, of 4 (yes or no; the rest cannot be read)","mapping.csv (two coders, settled)",USDD,,told; coders outcome-aware (section 3),USDD,yes,"""users and arbitrageurs"" (section 5); in phase 1.0 the TRON DAO Reserve is to ""enforce convertibility fully"" | users and arbitrageurs (at launch the first minters are whitelisted institutions)",cannot be read,no,cannot be read,1,0
launch,0,"lines read at launch, of 4 (yes or no; the rest cannot be read)","mapping.csv (two coders, settled)",USDK,,told; coders outcome-aware (section 3),USDK,cannot be read,,cannot be read,cannot be read,cannot be read,0,0
launch,0,"lines read at launch, of 4 (yes or no; the rest cannot be read)","mapping.csv (two coders, settled)",USDP Stablecoin,,told; coders outcome-aware (section 3),USDP Stablecoin,cannot be read,,cannot be read,cannot be read,cannot be read,0,0
launch,0,"lines read at launch, of 4 (yes or no; the rest cannot be read)","mapping.csv (two coders, settled)",USDX,,told; coders outcome-aware (section 3),USDX,cannot be read,,cannot be read,cannot be read,cannot be read,0,0
launch,0,"lines read at launch, of 4 (yes or no; the rest cannot be read)","mapping.csv (two coders, settled)",VNX EURO,,told; coders outcome-aware (section 3),VNX EURO,cannot be read,,cannot be read,cannot be read,cannot be read,0,0
launch,0,"lines read at launch, of 4 (yes or no; the rest cannot be read)","mapping.csv (two coders, settled)",VNX Gold,,told; coders outcome-aware (section 3),VNX Gold,cannot be read,,cannot be read,cannot be read,cannot be read,0,0
launch,2,"lines read at launch, of 4 (yes or no; the rest cannot be read)","mapping.csv (two coders, settled)",Vai,,told; coders outcome-aware (section 3),Vai,cannot be read,,yes,no,cannot be read,1,0
launch,0,"lines read at launch, of 4 (yes or no; the rest cannot be read)","mapping.csv (two coders, settled)",VeraOne,,told; coders outcome-aware (section 3),VeraOne,cannot be read,,cannot be read,cannot be read,cannot be read,0,0
launch,0,"lines read at launch, of 4 (yes or no; the rest cannot be read)","mapping.csv (two coders, settled)",Vesta Stable,,told; coders outcome-aware (section 3),Vesta Stable,cannot be read,,cannot be read,cannot be read,cannot be read,0,0
launch,0,"lines read at launch, of 4 (yes or no; the rest cannot be read)","mapping.csv (two coders, settled)",WEMIX Dollar,,told; coders outcome-aware (section 3),WEMIX Dollar,cannot be read,,cannot be read,cannot be read,cannot be read,0,0
launch,0,"lines read at launch, of 4 (yes or no; the rest cannot be read)","mapping.csv (two coders, settled)",XIDR,,told; coders outcome-aware (section 3),XIDR,cannot be read,,cannot be read,cannot be read,cannot be read,0,0
launch,3,"lines read at launch, of 4 (yes or no; the rest cannot be read)","mapping.csv (two coders, settled)",XSGD,,told; coders outcome-aware (section 3),XSGD,yes,any Xfers verified user | any Xfers verified user (a verified account with Xfers),yes,yes,cannot be read,3,1
launch,0,"lines read at launch, of 4 (yes or no; the rest cannot be read)","mapping.csv (two coders, settled)",Xank,,told; coders outcome-aware (section 3),Xank,cannot be read,,cannot be read,cannot be read,cannot be read,0,0
launch,0,"lines read at launch, of 4 (yes or no; the rest cannot be read)","mapping.csv (two coders, settled)",Xaurum,,told; coders outcome-aware (section 3),Xaurum,cannot be read,,cannot be read,cannot be read,cannot be read,0,0
launch,0,"lines read at launch, of 4 (yes or no; the rest cannot be read)","mapping.csv (two coders, settled)",YUSD Stablecoin,,told; coders outcome-aware (section 3),YUSD Stablecoin,cannot be read,,cannot be read,cannot be read,cannot be read,0,0
launch,2,"lines read at launch, of 4 (yes or no; the rest cannot be read)","mapping.csv (two coders, settled)",ZUSD,,told; coders outcome-aware (section 3),ZUSD,yes,our customers (GMO Trust platform) | customers of GMO Trust (an account on its platform),yes,cannot be read,cannot be read,2,0
launch,0,"lines read at launch, of 4 (yes or no; the rest cannot be read)","mapping.csv (two coders, settled)",Zasset zUSD,,told; coders outcome-aware (section 3),Zasset zUSD,cannot be read,,cannot be read,cannot be read,cannot be read,0,0
launch,3,"lines read at launch, of 4 (yes or no; the rest cannot be read)","mapping.csv (two coders, settled)",agEUR,,told; coders outcome-aware (section 3),agEUR,yes,"users (""Stable Seekers or Users""; ""Anyone"" may mint), who burn for whitelisted collateral at oracle value | Users of Angle protocol",yes,no,cannot be read,2,0
launch,0,"lines read at launch, of 4 (yes or no; the rest cannot be read)","mapping.csv (two coders, settled)",dForce USD,,told; coders outcome-aware (section 3),dForce USD,cannot be read,,cannot be read,cannot be read,cannot be read,0,0
launch,0,"lines read at launch, of 4 (yes or no; the rest cannot be read)","mapping.csv (two coders, settled)",eUSD,,told; coders outcome-aware (section 3),eUSD,cannot be read,,cannot be read,cannot be read,cannot be read,0,0
launch,0,"lines read at launch, of 4 (yes or no; the rest cannot be read)","mapping.csv (two coders, settled)",flexUSD,,told; coders outcome-aware (section 3),flexUSD,cannot be read,,cannot be read,cannot be read,cannot be read,0,0
launch,3,"lines read at launch, of 4 (yes or no; the rest cannot be read)","mapping.csv (two coders, settled)",mStable USD,,told; coders outcome-aware (section 3),mStable USD,yes,"users (permissionless, on-chain) | any user (""permissionlessly and on-chain""; by calling redeem on the contract)",yes,no,cannot be read,2,0
launch,4,"lines read at launch, of 4 (yes or no; the rest cannot be read)","mapping.csv (two coders, settled)",sEUR,,told; coders outcome-aware (section 3),sEUR,no,,yes,no,yes,2,1
launch,0,"lines read at launch, of 4 (yes or no; the rest cannot be read)","mapping.csv (two coders, settled)",tGOLD,,told; coders outcome-aware (section 3),tGOLD,cannot be read,,cannot be read,cannot be read,cannot be read,0,0
